sim_model,fit_model,XP
1,1,1
1,2,0.0726256983240224
1,3,0
2,1,0
2,2,0.508379888268156
2,3,0.264705882352941
3,1,0
3,2,0.418994413407821
3,3,0.735294117647059
