sim_model,fit_model,XP
1,1,1
1,2,0.0134228187919463
1,3,0
2,1,0
2,2,0.671140939597315
2,3,0
3,1,0
3,2,0.315436241610738
3,3,1
