sim_model,fit_model,XP
1,1,1
1,2,0.0645161290322581
1,3,0
2,1,0
2,2,0.645161290322581
2,3,0
3,1,0
3,2,0.290322580645161
3,3,1
